Header A,Sample Data B,Test Data C
,Sample 001,Test A
,Sample 002,Test B
,Sample 003,Test C
,Sample 004,Test D
,Sample 005,Test E
,Sample 006,Test F
,Sample 007,Test G
,Sample 008,Test H
,Sample 009,Test I
,Sample 010,Test J
,Sample 011,Test K
,Sample 012,Test L
,Sample 013,Test M
,Sample 014,Test N
,Sample 015,Test O
,Sample 016,Test P
,Sample 017,Test Q
,Sample 018,Test R
,Sample 019,Test S
,Sample 020,Test T
,Sample 021,Test U
,Sample 022,Test V
,Sample 023,Test W
,Sample 024,Test X
,Sample 025,Test Y
,Sample 026,Test Z
,Sample 027,Test AA
,Sample 028,Test BB
,Sample 029,Test CC
,Sample 030,Test DD
,Sample 031,Test EE
,Sample 032,Test FF
,Sample 033,Test GG
,Sample 034,Test HH
,Sample 035,Test II
,Sample 036,Test JJ
,Sample 037,Test KK
,Sample 038,Test LL
,Sample 039,Test MM
,Sample 040,Test NN
,Sample 041,Test OO
,Sample 042,Test PP
,Sample 043,Test QQ
,Sample 044,Test RR
,Sample 045,Test SS
,Sample 046,Test TT
,Sample 047,Test UU
,Sample 048,Test VV
,Sample 049,Test WW
,Sample 050,Test XX
,Sample 051,Test YY
,Sample 052,Test ZZ
,Sample 053,Test AAA
,Sample 054,Test BBB
,Sample 055,Test CCC
,Sample 056,Test DDD
,Sample 057,Test EEE
,Sample 058,Test FFF
,Sample 059,Test GGG
,Sample 060,Test HHH
,Sample 061,Test III
,Sample 062,Test JJJ
,Sample 063,Test KKK
,Sample 064,Test LLL
,Sample 065,Test MMM
,Sample 066,Test NNN
,Sample 067,Test OOO
,Sample 068,Test PPP
,Sample 069,Test QQQ
,Sample 070,Test RRR
,Sample 071,Test SSS
,Sample 072,Test TTT
,Sample 073,Test UUU
,Sample 074,Test VVV
,Sample 075,Test WWW
,Sample 076,Test XXX
,Sample 077,Test YYY
,Sample 078,Test ZZZ
,Sample 079,Test AAAA
,Sample 080,Test BBBB
,Sample 081,Test CCCC
,Sample 082,Test DDDD
,Sample 083,Test EEEE
,Sample 084,Test FFFF
,Sample 085,Test GGGG
,Sample 086,Test HHHH
,Sample 087,Test IIII
,Sample 088,Test JJJJ
,Sample 089,Test KKKK
,Sample 090,Test LLLL
,Sample 091,Test MMMM
,Sample 092,Test NNNN
,Sample 093,Test OOOO
,Sample 094,Test PPPP
,Sample 095,Test QQQQ
,Sample 096,Test RRRR
,Sample 097,Test SSSS
,Sample 098,Test TTTT
,Sample 099,Test UUUU
,Sample 100,Test VVVV
,Sample 101,Test WWWW
,Sample 102,Test XXXX
,Sample 103,Test YYYY
,Sample 104,Test ZZZZ
,Sample 105,Test AAAAA
,Sample 106,Test BBBBB
,Sample 107,Test CCCCC
,Sample 108,Test DDDDD
,Sample 109,Test EEEEE
,Sample 110,Test FFFFF
,Sample 111,Test GGGGG
,Sample 112,Test HHHHH
,Sample 113,Test IIIII
,Sample 114,Test JJJJJ
,Sample 115,Test KKKKK
,Sample 116,Test LLLLL
,Sample 117,Test MMMMM
,Sample 118,Test NNNNN
,Sample 119,Test OOOOO
,Sample 120,Test PPPPP
,Sample 121,Test QQQQQ
,Sample 122,Test RRRRR
,Sample 123,Test SSSSS
,Sample 124,Test TTTTT
,Sample 125,Test UUUUU
,Sample 126,Test VVVVV
,Sample 127,Test WWWWW
,Sample 128,Test XXXXX
,Sample 129,Test YYYYY
,Sample 130,Test ZZZZZ
,Sample 131,Test AAAAAA
,Sample 132,Test BBBBBB
,Sample 133,Test CCCCCC
,Sample 134,Test DDDDDD
,Sample 135,Test EEEEEE
,Sample 136,Test FFFFFF
,Sample 137,Test GGGGGG
,Sample 138,Test HHHHHH
,Sample 139,Test IIIIII
,Sample 140,Test JJJJJJ
,Sample 141,Test KKKKKK
,Sample 142,Test LLLLLL
,Sample 143,Test MMMMMM
,Sample 144,Test NNNNNN
,Sample 145,Test OOOOOO
,Sample 146,Test PPPPPP
,Sample 147,Test QQQQQQ
,Sample 148,Test RRRRRR
,Sample 149,Test SSSSSS
,Sample 150,Test TTTTTT